acala,Polkadot
bifrost,Polkadot
clover,Polkadot
integritee,Polkadot
kilt,Polkadot
moonbeam,Polkadot
litentry,Polkadot
nodle,Polkadot
pendulum,Polkadot
polkadex,Polkadot
zeitgeist,Polkadot
altair,Kusama
bifrost,Kusama
karura,Kusama
kintsugi-btc,Kusama
mangata,Kusama
robonomics,Kusama
turing,Kusama
ajuna,Polkadot
centrifuge,Polkadot
frequency,Polkadot
interlay,Polkadot
kylin,Polkadot
manta,Polkadot
moonsama,Polkadot
parallel,Polkadot
subsocial,Polkadot
encointer,Kusama
bajun,Kusama
khala,Kusama
subzero,Kusama
litmus,Kusama
moonriver,Kusama
calamari,Kusama
phala,Polkadot
end